Epoch,Train Accuracy,Train Loss,Validation Accuracy,Validation Loss
1,0.36180904507637024,0.8174705505371094,0.3425000011920929,0.846304714679718
